#,"Country,Other",TotalCases,NewCases,TotalDeaths,NewDeaths,TotalRecovered,NewRecovered,ActiveCases,"Serious,Critical",Tot Cases/1M pop,Deaths/1M pop,TotalTests,Tests/,1M pop,,Population,Continent,1 Caseevery X ppl1 Deathevery X ppl1 Testevery X ppl,New Cases/1M pop,New Deaths/1M pop,Active Cases/1M pop,
1,USA,"105,599,065",,"1,148,765                                ",,"103,126,259",,"1,324,041","2,365","315,404","3,431","1,168,585,832","3,490,345","334,805,269 ",North America,,32910,,,"3,955",
2,India,"44,689,512",,"530,779                                ",,"44,155,439",,"3,294",N/A,"31,771",377,"919,414,382","653,628","1,406,631,776 ",Asia,,"312,6502",,,2,
3,France,"39,645,300",,"165,163                                ",,"39,421,130",,"59,007",869,"604,492","2,518","271,490,188","4,139,547","65,584,518 ",Europe,,23970,,,900,
4,Germany,"38,249,060",,"168,935                                ",,"37,839,100",,"241,025",N/A,"455,978","2,014","122,332,384","1,458,359","83,883,596 ",Europe,,24971,,,"2,873",
5,Brazil,"37,085,520",,"699,310                                ",,"36,249,161",,"137,049",N/A,"172,208","3,247","63,776,166","296,146","215,353,593 ",South America,,63083,,,636,
6,Japan,"33,307,409",,"73,038                                ",,"21,699,006",,"11,535,365",116,"265,218",582,"96,082,498","765,080","125,584,838 ",Asia,,"41,7191",,,"91,853",
7,S. Korea,"30,625,389","+9,867","34,096                                ",+3,"30,411,682","+11,868","179,611",146,"596,638",664,"15,804,065","307,892","51,329,899 ",Asia,,"21,5053",192,0.06,"3,499",
8,Italy,"25,627,473",,"188,538                                ",,"25,294,864",,"144,071",104,"425,262","3,129","268,674,307","4,458,380","60,262,770 ",Europe,,23200,,,"2,391",
9,UK,"24,396,534",,"207,695                                ",,"24,121,956","+2,553","66,883",N/A,"356,165","3,032","522,526,476","7,628,357","68,497,907 ",Europe,,33300,,,976,
10,Russia,"22,398,867",,"396,507                                ",,"21,744,431",,"257,929",N/A,"153,621","2,719","273,400,000","1,875,095","145,805,947 ",Europe,,73681,,,"1,769",
11,Turkey,"17,042,722",,"101,492                                ",,N/A,N/A,N/A,,"199,186","1,186","162,743,369","1,902,052","85,561,976 ",Asia,,58431,,,"1,819",
12,Spain,"13,778,467",,"119,618                                ",,"13,624,507",,"34,342",231,"294,921","2,560","471,036,328","10,082,298","46,719,142 ",Europe,,33910,,,735,
13,Vietnam,"11,527,026",,"43,186                                ",,"10,614,815",,"869,025",1,"116,489",436,"85,826,548","867,342","98,953,541 ",Asia,,"92,2911",,,"8,782",
14,Australia,"11,385,534",,"19,459                                ",,"11,332,576",,"33,499",27,"436,750",746,"78,835,048","3,024,116","26,068,792 ",Australia/Oceania,,"21,3400",,,"1,285",
15,Taiwan,"10,152,881",,"18,425                                ",,"9,890,856",,"243,600",,"425,010",771,"30,742,304","1,286,903","23,888,595 ",Asia,,"21,2971",,,"10,197",
16,Argentina,"10,044,957",,"130,472                                ",,"9,911,664",,"2,821",363,"218,320","2,836","35,716,069","776,264","46,010,234 ",South America,,53531,,,61,
17,Netherlands,"8,602,266",,"22,992                                ",,"8,562,440",,"16,834",53,"499,799","1,336","25,984,435","1,509,718","17,211,447 ",Europe,,27491,,,978,
18,Iran,"7,572,759",,"144,941                                ",,"7,340,183",,"87,635",398,"88,032","1,685","55,353,767","643,478","86,022,837 ",Asia,,115942,,,"1,019",
19,Mexico,"7,483,444",,"333,188                                ",,"6,718,939",,"431,317",N/A,"56,881","2,533","19,642,771","149,303","131,562,772 ",North America,,183957,,,"3,278",
20,Indonesia,"6,738,520",,"160,944                                ",,"6,574,373",,"3,203",N/A,"24,141",577,"114,158,919","408,975","279,134,505 ",Asia,,"411,7342",,,11,
21,Poland,"6,448,577",,"119,016                                ",,"5,335,940",,"993,621",696,"170,869","3,154","38,356,140","1,016,332","37,739,785 ",Europe,,63171,,,"26,328",
22,Colombia,"6,360,780",,"142,639                                ",,"6,184,346",,"33,795",342,"123,480","2,769","36,951,507","717,327","51,512,762 ",South America,,83611,,,656,
23,Austria,"5,966,051",,"21,977                                ",,"5,887,729",,"56,345",72,"658,017","2,424","211,273,524","23,302,116","9,066,710 ",Europe,,24130,,,"6,214",
24,Greece,"5,896,788",,"36,283                                ",,"5,829,938",,"30,567",115,"571,580","3,517","102,228,365","9,909,078","10,316,637 ",Europe,,22840,,,"2,963",
25,Portugal,"5,570,473",,"26,266                                ",,"5,539,213",+554,"4,994",61,"549,325","2,590","45,994,869","4,535,728","10,140,570 ",Europe,,23860,,,492,
26,Ukraine,"5,399,231",,"111,298                                ",,"5,270,797",,"17,136",,"125,005","2,577","32,603,805","754,855","43,192,122 ",Europe,,83881,,,397,
27,Chile,"5,195,994",,"64,285                                ",,"5,119,229",,"12,480",86,"269,919","3,339","48,592,050","2,524,237","19,250,195 ",South America,,42990,,,648,
28,Malaysia,"5,044,969",,"36,967                                ",,"4,998,652",,"9,350",6,"152,044","1,114","68,298,064","2,058,344","33,181,072 ",Asia,,78980,,,282,
29,Israel,"4,804,197",,"12,329                                ",,"4,781,252",,"10,616",57,"515,140","1,322","41,373,364","4,436,346","9,326,000 ",Asia,,27560,,,"1,138",
30,DPRK,"4,772,813",,74                                ,,"4,772,739",,0,,"183,636",3,,,"25,990,679 ",Asia,,"5351,225",,,,
31,Belgium,"4,739,365",,"33,814                                ",,"4,666,343",,"39,208",43,"406,175","2,898","36,797,565","3,153,641","11,668,278 ",Europe,,23450,,,"3,360",
32,Thailand,"4,728,182",,"33,918                                ",,"4,692,636",,"1,628",N/A,"67,470",484,"17,270,775","246,450","70,078,203 ",Asia,,"152,0664",,,23,
33,Czechia,"4,619,204",,"42,497                                ",,"4,566,894",,"9,813",47,"430,222","3,958","57,041,777","5,312,743","10,736,784 ",Europe,,22530,,,914,
34,Canada,"4,600,615",,"51,447                                ",,"4,515,281","+1,441","33,887",99,"119,844","1,340","66,343,123","1,728,207","38,388,419 ",North America,,87461,,,883,
35,Peru,"4,487,553",,"219,539                                ",,"4,265,743",,"2,271",34,"133,224","6,518","38,122,323","1,131,757","33,684,208 ",South America,,81531,,,67,
36,Switzerland,"4,392,464",,"14,452                                ",,"4,373,995",,"4,017",39,"500,643","1,647","23,833,472","2,716,487","8,773,637 ",Europe,,26070,,,458,
37,Philippines,"4,077,625",,"66,193                                ",,"4,002,313",,"9,119",162,"36,243",588,"34,675,485","308,202","112,508,994 ",Asia,,"281,7003",,,81,
38,South Africa,"4,067,453",,"102,595                                ",,"3,912,506",,"52,352",192,"66,947","1,689","26,795,090","441,027","60,756,135 ",Africa,,155922,,,862,
39,Romania,"3,346,046",,"67,736                                ",,"3,267,395",,"10,915",119,"175,818","3,559","26,750,616","1,405,609","19,031,335 ",Europe,,62811,,,574,
40,Denmark,"3,175,889",,"8,300                                ",,"3,166,669",,920,19,"544,287","1,422","129,209,265","22,144,023","5,834,950 ",Europe,,27030,,,158,
41,Hong Kong,"2,883,887",,"13,467                                ",,"2,864,257",,"6,163",28,"379,244","1,771","76,127,725","10,011,143","7,604,299 ",Asia,,35650,,,810,
42,Sweden,"2,699,339",,"23,749                                ",,"2,672,473",+200,"3,117",8,"264,150","2,324","19,477,620","1,906,026","10,218,971 ",Europe,,44301,,,305,
43,Serbia,"2,501,001",,"17,886                                ",,"2,467,939",,"15,176",10,"289,032","2,067","12,475,171","1,441,714","8,653,016 ",Europe,,34841,,,"1,754",
44,Iraq,"2,465,545",,"25,375                                ",,"2,439,497",,673,21,"58,474",602,"19,544,451","463,523","42,164,965 ",Asia,,"171,6622",,,16,
45,Singapore,"2,230,570",,"1,722                                ",,"2,149,583",,"79,265",1,"375,293",290,"24,756,666","4,165,302","5,943,546 ",Asia,,"33,4520",,,"13,336",
46,New Zealand,"2,228,291",,"3,922                                ",,"2,214,316",,"10,053",,"454,920",801,"7,768,604","1,586,011","4,898,203 ",Australia/Oceania,,"21,2491",,,"2,052",
47,Hungary,"2,196,804",,"48,762                                ",,"2,143,788",,"4,254",14,"228,685","5,076","11,394,556","1,186,160","9,606,259 ",Europe,,41971,,,443,
48,Bangladesh,"2,037,871",,"29,445                                ",,"1,998,448",,"9,978",N/A,"12,138",175,"15,254,399","90,862","167,885,689 ",Asia,,"825,70211",,,59,
49,Slovakia,"1,863,974",,"21,036                                ",,"1,841,554",,"1,384",25,"341,375","3,853","7,408,595","1,356,838","5,460,193 ",Europe,,32601,,,253,
50,Georgia,"1,827,537",,"16,971                                ",,"1,776,548",,"34,018",,"460,483","4,276","16,920,079","4,263,340","3,968,738 ",Asia,,22340,,,"8,571",
51,Jordan,"1,746,997",,"14,122                                ",,"1,731,007",,"1,868",59,"169,597","1,371","17,201,885","1,669,945","10,300,869 ",Asia,,67291,,,181,
52,Ireland,"1,704,502",,"8,708                                ",,"1,693,292",,"2,502",11,"339,529","1,735","13,041,966","2,597,898","5,020,199 ",Europe,,35770,,,498,
53,Pakistan,"1,577,412",,"30,644                                ",,"1,538,689",,"8,079",10,"6,874",134,"30,570,862","133,213","229,488,994 ",Asia,,"1457,4898",,,35,
54,Norway,"1,479,550",,"5,213                                ",,"1,473,554",,783,20,"268,454",946,"11,002,430","1,996,315","5,511,370 ",Europe,,"41,0571",,,142,
55,Finland,"1,463,644",,"8,967                                ",,"1,452,633",+123,"2,044",21,"263,484","1,614","12,057,338","2,170,554","5,554,960 ",Europe,,46190,,,368,
56,Kazakhstan,"1,408,124",,"13,846                                ",,"1,383,020",,"11,258",24,"73,321",721,"11,575,012","602,707","19,205,043 ",Asia,,"141,3872",,,586,
57,Slovenia,"1,332,121",,"7,078                                ",,"1,319,715",,"5,328",5,"641,049","3,406","2,841,151","1,367,230","2,078,034 ",Europe,,22941,,,"2,564",
58,Lithuania,"1,308,131",,"9,598                                ",,"1,292,263",,"6,270",6,"491,463","3,606","10,389,789","3,903,429","2,661,708 ",Europe,,22770,,,"2,356",
59,Bulgaria,"1,297,630",,"38,229                                ",,"1,256,704",,"2,697",26,"189,585","5,585","11,077,073","1,618,367","6,844,597 ",Europe,,51791,,,394,
60,Morocco,"1,272,526",,"16,296                                ",,"1,256,151",,79,3,"33,689",431,"12,995,267","344,038","37,772,756 ",Africa,,"302,3183",,,2,
61,Croatia,"1,269,326",,"17,987                                ",,"1,250,890",,449,5,"312,697","4,431","5,521,987","1,360,335","4,059,286 ",Europe,,32261,,,111,
62,Guatemala,"1,238,589",,"20,182                                ",,"1,217,369",,"1,038",5,"66,648","1,086","6,983,862","375,799","18,584,039 ",North America,,159213,,,56,
63,Lebanon,"1,232,936",,"10,842                                ",,"1,087,587",,"134,507",74,"184,437","1,622","4,795,578","717,380","6,684,849 ",Asia,,56171,,,"20,121",
64,Costa Rica,"1,209,725",,"9,245                                ",,"860,711",,"339,769",52,"233,432","1,784","4,659,757","899,158","5,182,354 ",North America,,45611,,,"65,563",
65,Bolivia,"1,194,387",,"22,366                                ",,"1,160,755",,"11,266",220,"99,593","1,865","2,705,422","225,590","11,992,656 ",South America,,105364,,,939,
66,Tunisia,"1,151,126",,"29,341                                ",,N/A,N/A,N/A,44,"95,556","2,436","5,003,083","415,309","12,046,656 ",Africa,,104112,,,978,
67,Cuba,"1,112,647",,"8,530                                ",,"1,104,038",,79,2,"98,415",754,"14,321,589","1,266,764","11,305,652 ",North America,,"101,3251",,,7,
68,Ecuador,"1,057,121",,"36,014                                ",,"1,020,564",,543,759,"58,361","1,988","3,082,403","170,173","18,113,361 ",South America,,175036,,,30,
69,UAE,"1,053,403",,"2,349                                ",,"1,036,006",,"15,048",,"104,486",233,"199,427,059","19,780,928","10,081,785 ",Asia,,"104,2920",,,"1,493",
70,Uruguay,"1,034,303",,"7,617                                ",,"1,026,186",,500,18,"295,852","2,179","6,114,822","1,749,083","3,496,016 ",South America,,34591,,,143,
71,Panama,"1,031,731",,"8,609                                ",,"1,022,524",,598,16,"232,008","1,936","7,548,346","1,697,416","4,446,964 ",North America,,45171,,,134,
72,Mongolia,"1,007,900",,"2,179                                ",,"1,005,717",,4,192,"298,365",645,"4,030,048","1,193,000","3,378,078 ",Asia,,"31,5501",,,1,
73,Nepal,"1,001,154",,"12,020                                ",,"989,129",,5,,"33,123",398,"6,014,848","198,999","30,225,582 ",Asia,,"302,5155",,,0.2,
74,Belarus,"994,037",,"7,118                                ",,"985,592",,"1,327",,"105,381",755,"13,646,641","1,446,722","9,432,800 ",Europe,,"91,3251",,,141,
75,Latvia,"976,267",,"6,253                                ",,"969,667",,347,13,"528,044","3,382","7,866,544","4,254,861","1,848,837 ",Europe,,22960,,,188,
76,Saudi Arabia,"830,223",,"9,619                                ",,"817,250",,"3,354",38,"23,162",268,"45,175,083","1,260,293","35,844,909 ",Asia,,"433,7261",,,94,
77,Azerbaijan,"828,870",,"10,142                                ",,"818,516",,212,,"80,471",985,"7,538,679","731,896","10,300,205 ",Asia,,"121,0161",,,21,
78,Paraguay,"808,507",,"19,880                                ",,N/A,N/A,N/A,7,"110,666","2,721","2,657,506","363,751","7,305,843 ",South America,,93673,,,"12,361",
79,Bahrain,"711,016",,"1,553                                ",,"706,755",,"2,708",2,"398,555",871,"10,752,280","6,027,120","1,783,983 ",Asia,,"31,1490",,,"1,518",
80,Sri Lanka,"672,040",,"16,830                                ",,"655,203",,7,,"31,148",780,"6,486,117","300,619","21,575,842 ",Asia,,"321,2823",,,0.3,
81,Kuwait,"663,860",,"2,570                                ",,"660,237",,"1,053",,"151,555",587,"8,455,743","1,930,391","4,380,326 ",Asia,,"71,7041",,,240,
82,Dominican Republic,"660,790",,"4,384                                ",,"644,785",,"11,621",4,"59,766",397,"3,740,928","338,350","11,056,370 ",North America,,"172,5223",,,"1,051",
83,Cyprus,"650,685",,"1,330                                ",,"645,701","+1,516","3,654",60,"531,872","1,087","9,640,118","7,879,860","1,223,387 ",Asia,,29200,,,"2,987",
84,Myanmar,"633,954",,"19,490                                ",,"614,439",,25,,"11,479",353,"10,092,618","182,747","55,227,143 ",Asia,,"872,8345",,,0.5,
85,Palestine,"621,008",,"5,404                                ",,"615,445",,159,17,"116,173","1,011","3,078,533","575,907","5,345,541 ",Asia,,99892,,,30,
86,Estonia,"615,423",,"2,946                                ",,"524,990",,"87,487",5,"465,556","2,229","3,679,061","2,783,140","1,321,910 ",Europe,,24490,,,"66,182",
87,Moldova,"611,140",,"12,003                                ",,"504,142",,"94,995",49,"152,284","2,991","3,216,305","801,437","4,013,171 ",Europe,,73341,,,"23,671",
88,Venezuela,"552,168",,"5,854                                ",,"545,946",,368,31,"18,867",200,"3,359,014","114,771","29,266,991 ",South America,,"534,9999",,,13,
89,Egypt,"515,759",,"24,613                                ",,"442,182",,"48,964",122,"4,858",232,"3,693,367","34,792","106,156,692 ",Africa,,"2064,31329",,,461,
90,Libya,"507,187",,"6,437                                ",,"500,737",,13,,"72,036",914,"2,483,812","352,777","7,040,745 ",Africa,,"141,0943",,,2,
91,Ethiopia,"500,137",,"7,572                                ",,"487,367",,"5,198",1,"4,140",63,"5,499,412","45,520","120,812,698 ",Africa,,"24215,95522",,,43,
92,Qatar,"495,090",,688                                ,,"493,884",,518,38,"166,142",231,"4,065,369","1,364,257","2,979,915 ",Asia,,"64,3311",,,174,
93,Réunion,"486,588",,921                                ,,"418,572",,"67,095",10,"535,854","1,014","1,603,660","1,766,027","908,061 ",Africa,,29861,,,"73,888",
94,Honduras,"472,301",,"11,111                                ",,N/A,N/A,N/A,105,"46,208","1,087","1,638,354","160,289","10,221,247 ",North America,,229206,,,"32,153",
95,Armenia,"447,308",,"8,727                                ",,"435,162",,"3,419",,"150,509","2,936","3,242,901","1,091,164","2,971,966 ",Asia,,73411,,,"1,150",
96,Bosnia and Herzegovina,"401,729",,"16,280                                ",,"379,084",,"6,365",,"123,635","5,010","1,884,721","580,036","3,249,317 ",Europe,,82002,,,"1,959",
97,Oman,"399,449",,"4,628                                ",,"384,669",,"10,152",2,"75,028",869,"25,000,000","4,695,724","5,323,993 ",Asia,,"131,1500",,,"1,907",
98,North Macedonia,"346,852",,"9,662                                ",,"337,068",,122,,"166,651","4,642","2,226,216","1,069,626","2,081,304 ",Europe,,62151,,,59,
99,Zambia,"343,135",,"4,057                                ",,"338,854",,224,,"17,624",208,"3,943,335","202,531","19,470,234 ",Africa,,"574,7995",,,12,
100,Kenya,"342,937",,"5,688                                ",,"337,222",,27,1,"6,100",101,"3,967,062","70,569","56,215,221 ",Africa,,"1649,88314",,,0.5,
101,Albania,"334,474",,"3,598                                ",,"329,206",,"1,670",,"116,689","1,255","1,941,032","677,173","2,866,374 ",Europe,,97971,,,583,
102,Botswana,"329,758",,"2,801                                ",,"326,916",,41,1,"135,082","1,147","2,026,898","830,300","2,441,162 ",Africa,,78721,,,17,
103,Luxembourg,"297,757",,"1,133                                ",,"288,991",,"7,633",,"463,528","1,764","4,412,567","6,869,188","642,371 ",Europe,,25670,,,"11,883",
104,Montenegro,"288,888",,"2,808                                ",,"285,420",,660,6,"460,049","4,472","2,723,841","4,337,672","627,950 ",Europe,,22240,,,"1,051",
105,Brunei ,"279,661",,225                                ,,"243,601",,"35,835",3,"627,844",505,"717,784","1,611,437","445,431 ",Asia,,"21,9801",,,"80,450",
106,Algeria,"271,499",,"6,881                                ",,"182,819",,"81,799",,"5,987",152,"230,861","5,091","45,350,148 ",Africa,,"1676,591196",,,"1,804",
107,Nigeria,"266,598",,"3,155                                ",,"259,917",,"3,526",11,"1,230",15,"5,708,974","26,339","216,746,934 ",Africa,,"81368,70038",,,16,
108,Zimbabwe,"264,276",,"5,671                                ",,"258,184",,421,12,"17,238",370,"2,525,756","164,744","15,331,428 ",Africa,,"582,7036",,,27,
109,Uzbekistan,"251,247",,"1,637                                ",,"241,486",,"8,124",23,"7,307",48,"1,377,915","40,077","34,382,084 ",Asia,,"13721,00325",,,236,
110,Mozambique,"233,214",,"2,242                                ",,"228,805",,"2,167",11,"7,048",68,"1,371,127","41,437","33,089,461 ",Africa,,"14214,75924",,,65,
111,Martinique,"229,807",,"1,098                                ",,N/A,N/A,N/A,12,"614,314","2,935","828,928","2,215,870","374,087 ",North America,,23410,,,"611,101",
112,Laos,"218,023",,758                                ,,N/A,N/A,N/A,,"29,143",101,"1,233,207","164,845","7,481,023 ",Asia,,"349,8696",,,"28,018",
113,Afghanistan,"209,484",,"7,896                                ",,"191,284",,"10,304",45,"5,140",194,"1,204,573","29,557","40,754,388 ",Asia,,"1955,16134",,,253,
114,Iceland,"209,137",,229                                ,,N/A,N/A,N/A,2,"605,504",663,"1,996,384","5,780,036","345,393 ",Europe,,"21,5080",,,"385,714",
115,Kyrgyzstan,"206,708",,"2,991                                ",,"196,406",,"7,311",131,"30,722",445,"1,907,195","283,460","6,728,271 ",Asia,,"332,2504",,,"1,087",
116,Guadeloupe,"201,886",,"1,010                                ",,N/A,N/A,N/A,19,"504,975","2,526","938,039","2,346,306","399,794 ",North America,,23960,,,"496,821",
117,El Salvador,"201,785",,"4,230                                ",,"179,410",,"18,145",8,"30,805",646,"2,610,114","398,467","6,550,389 ",North America,,"321,5493",,,"2,770",
118,Trinidad and Tobago,"189,918",,"4,355                                ",,"185,101",,462,8,"135,021","3,096","900,861","640,460","1,406,585 ",North America,,73232,,,328,
119,Maldives,"185,738",,311                                ,,"163,687",,"21,740",25,"343,333",575,"2,213,831","4,092,223","540,985 ",Asia,,"31,7400",,,"40,186",
120,Ghana,"171,229",,"1,462                                ",,"169,726",,41,2,"5,286",45,"2,531,089","78,131","32,395,450 ",Africa,,"18922,15813",,,1,
121,Namibia,"171,156",,"4,090                                ",,"166,776",,290,,"64,983","1,553","1,062,663","403,460","2,633,874 ",Africa,,156442,,,110,
122,Uganda,"170,544",,"3,630                                ",,"100,431",,"66,483",3,"3,521",75,"3,012,408","62,198","48,432,863 ",Africa,,"28413,34216",,,"1,373",
123,Jamaica,"154,416",,"3,514                                ",,"102,529",,"48,373",,"51,729","1,177","1,183,986","396,633","2,985,094 ",North America,,198493,,,"16,205",
124,Cambodia,"138,719",,"3,056                                ",,"135,660",,3,,"8,080",178,"3,091,420","180,062","17,168,639 ",Asia,,"1245,6186",,,0.2,
125,Rwanda,"133,194",,"1,468                                ",,"131,647",,79,,"9,793",108,"6,021,981","442,778","13,600,464 ",Africa,,"1029,2652",,,6,
126,Cameroon,"124,392",,"1,965                                ",,"122,344",,83,13,"4,457",70,"1,751,774","62,762","27,911,548 ",Africa,,"22414,20416",,,3,
127,Malta,"117,610",,828                                ,,"116,117",,665,4,"264,868","1,865","2,119,315","4,772,877","444,033 ",Europe,,45360,,,"1,498",
128,Barbados,"106,798",,579                                ,,"106,211",,8,,"370,797","2,010","794,426","2,758,203","288,023 ",North America,,34970,,,28,
129,Angola,"105,288",,"1,933                                ",,"103,342",,13,,"3,006",55,"1,499,795","42,818","35,027,343 ",Africa,,"33318,12123",,,0.4,
130,Channel Islands,"101,449",,227                                ,,"101,091",,131,,"574,902","1,286","1,252,808","7,099,551","176,463 ",Europe,,27770,,,742,
131,French Guiana,"98,041",,420                                ,,"11,254",,"86,367",6,"312,065","1,337","651,257","2,072,951","314,169 ",South America,,37480,,,"274,906",
132,DRC,"95,749",,"1,464                                ",,"84,321",,"9,964",,"1,005",15,"846,704","8,890","95,240,792 ",Africa,,"99565,055112",,,105,
133,Senegal,"88,926",,"1,971                                ",,"86,947",,8,,"5,037",112,"1,146,543","64,946","17,653,671 ",Africa,,"1998,95715",,,0.5,
134,Malawi,"88,707",,"2,686                                ",,"85,583",,438,67,"4,396",133,"624,784","30,959","20,180,839 ",Africa,,"2277,51332",,,22,
135,Ivory Coast,"88,268",,834                                ,,"87,416",,18,,"3,182",30,"1,681,580","60,614","27,742,298 ",Africa,,"31433,26416",,,0.6,
136,Suriname,"82,467",,"1,404                                ",,N/A,N/A,N/A,,"138,175","2,352","241,357","404,398","596,831 ",South America,,74252,,,"52,464",
137,New Caledonia,"79,881",,314                                ,,"79,558",,9,9,"274,585","1,079","98,964","340,182","290,915 ",Australia/Oceania,,49263,,,31,
138,French Polynesia,"78,055",,649                                ,,N/A,N/A,N/A,7,"274,683","2,284",,,"284,164 ",Australia/Oceania,,4438,,,"154,509",
139,Eswatini,"74,267",,"1,425                                ",,"72,795",,47,,"62,682","1,203","1,048,704","885,119","1,184,817 ",Africa,,168311,,,40,
140,Guyana,"73,086",,"1,298                                ",,"71,775",,13,,"92,043","1,635","722,993","910,519","794,045 ",South America,,116121,,,16,
141,Belize,"70,782",,688                                ,,"70,085",,9,6,"171,722","1,669","576,016","1,397,453","412,190 ",North America,,65991,,,22,
142,Fiji,"68,898",,883                                ,,"67,006",,"1,009",,"75,757",971,"669,148","735,759","909,466 ",Australia/Oceania,,"131,0301",,,"1,109",
143,Madagascar,"67,889",,"1,423                                ",,"66,445",,21,,"2,327",49,"526,651","18,050","29,178,077 ",Africa,,"43020,50555",,,0.7,
144,Sudan,"63,829",,"5,017                                ",,"58,492",,320,,"1,388",109,"562,941","12,240","45,992,020 ",Africa,,"7219,16782",,,7,
145,Mauritania,"63,668",,997                                ,,"62,441",,230,,"12,988",203,"1,009,957","206,030","4,901,981 ",Africa,,"774,9175",,,47,
146,Cabo Verde,"63,244",,413                                ,,"62,773",,58,23,"111,408",728,"401,622","707,482","567,678 ",Africa,,"91,3751",,,102,
147,Bhutan,"62,627",,21                                ,,"61,564",,"1,042",,"79,482",27,"2,303,734","2,923,739","787,941 ",Asia,,"1337,5210",,,"1,322",
148,Syria,"57,467",,"3,164                                ",,"54,303",,0,,"2,968",163,"146,269","7,553","19,364,809 ",Asia,,"3376,120132",,,,
149,Burundi,"53,631",,38                                ,,"53,569",,24,,"4,248",3,"345,742","27,386","12,624,840 ",Africa,,"235332,23337",,,2,
150,Seychelles,"50,665",,172                                ,,"50,440",,53,,"509,575","1,730",,,"99,426 ",Africa,,2578,,,533,
151,Gabon,"48,981",,306                                ,,"48,674",,1,,"21,008",131,"1,621,909","695,641","2,331,533 ",Africa,,"487,6191",,,0.4,
152,Andorra,"47,890",,165                                ,,"47,563",,162,14,"618,231","2,130","249,838","3,225,256","77,463 ",Europe,,24690,,,"2,091",
153,Papua New Guinea,"46,825",,670                                ,,"43,982",,"2,173",7,"5,039",72,"249,149","26,813","9,292,169 ",Australia/Oceania,,"19813,86937",,,234,
154,Curaçao,"45,986",,295                                ,,"44,720",,971,3,"277,812","1,782","496,693","3,000,640","165,529 ",North America,,45610,,,"5,866",
155,Aruba,"44,044",,236                                ,,"42,438",,"1,370",2,"409,297","2,193","177,885","1,653,068","107,609 ",North America,,24561,,,"12,731",
156,Tanzania,"42,906",,846                                ,,N/A,N/A,N/A,7,678,13,,,"63,298,550 ",Africa,,"1,47574,821",,,662,
157,Mayotte,"42,004",,188                                ,,N/A,N/A,N/A,,"146,734",657,"176,919","618,038","286,259 ",Africa,,"71,5232",,,"135,723",
158,Mauritius,"41,769",,"1,043                                ",,"40,052",,674,,"32,767",818,"358,675","281,374","1,274,727 ",Africa,,"311,2224",,,529,
159,Togo,"39,404",,290                                ,,"39,081",,33,,"4,539",33,"808,904","93,183","8,680,837 ",Africa,,"22029,93411",,,4,
160,Guinea,"38,267",,467                                ,,"37,757",,43,8,"2,760",34,"660,107","47,607","13,865,691 ",Africa,,"36229,69121",,,3,
161,Isle of Man,"38,008",,116                                ,,N/A,N/A,N/A,,"443,335","1,353","150,753","1,758,422","85,732 ",Europe,,27391,,,"129,450",
162,Bahamas,"37,491",,833                                ,,"36,366",,292,1,"93,607","2,080","257,839","643,767","400,516 ",North America,,114812,,,729,
163,Lesotho,"34,790",,723                                ,,"25,980",,"8,087",,"15,990",332,"431,221","198,199","2,175,699 ",Africa,,"633,0095",,,"3,717",
164,Faeroe Islands,"34,658",,28                                ,,N/A,N/A,N/A,5,"703,959",569,"778,000","15,802,409","49,233 ",Europe,,"11,7580",,,"547,133",
165,Haiti,"34,202",,860                                ,,"33,052",,290,,"2,928",74,"132,422","11,337","11,680,283 ",North America,,"34213,58288",,,25,
166,Mali,"33,064",,743                                ,,"32,205",,116,,"1,540",35,"797,451","37,136","21,473,764 ",Africa,,"64928,90127",,,5,
167,Cayman Islands,"31,472",,37                                ,,"8,553",,"22,882",1,"467,797",550,"222,773","3,311,280","67,277 ",North America,,"21,8180",,,"340,116",
168,Saint Lucia,"30,004",,409                                ,,"29,095",,500,,"162,085","2,209","210,983","1,139,752","185,113 ",North America,,64531,,,"2,701",
169,Benin,"27,999",,163                                ,,"27,830",,6,,"2,190",13,"604,310","47,268","12,784,726 ",Africa,,"45778,43421",,,0.5,
170,Somalia,"27,324",,"1,361                                ",,"13,182",,"12,781",,"1,622",81,"400,466","23,778","16,841,795 ",Africa,,"61612,37542",,,759,
171,Congo,"25,375",,386                                ,,"24,006",,983,,"4,377",67,"347,815","59,991","5,797,805 ",Africa,,"22815,02017",,,170,
172,Solomon Islands,"24,575",,153                                ,,N/A,N/A,N/A,1,"34,077",212,,,"721,159 ",Australia/Oceania,,"294,713",,,"11,183",
173,Micronesia,"23,948",,61                                ,,N/A,N/A,N/A,1,"203,832",519,"54,967","467,848","117,489 ",Australia/Oceania,,"51,9262",,,"140,183",
174,San Marino,"23,616",,122                                ,,"23,471",,23,4,"692,856","3,579","157,634","4,624,732","34,085 ",Europe,,12790,,,675,
175,Timor-Leste,"23,419",,138                                ,,"23,102",,179,,"17,101",101,"278,529","203,391","1,369,429 ",Asia,,"589,9235",,,131,
176,Burkina Faso,"22,056",,396                                ,,"21,596",,64,,998,18,"248,995","11,265","22,102,838 ",Africa,,"1,00255,81589",,,3,
177,Liechtenstein,"21,432",,89                                ,,"21,332",,11,4,"558,314","2,318","112,457","2,929,559","38,387 ",Europe,,24310,,,287,
178,Gibraltar,"20,462",,111                                ,,"16,579",,"3,772",,"607,109","3,293","534,283","15,852,213","33,704 ",Europe,,23040,,,"111,915",
179,Grenada,"19,680",,238                                ,,"19,358",,84,4,"173,430","2,097","182,981","1,612,523","113,475 ",North America,,64771,,,740,
180,Bermuda,"18,828",,160                                ,,"18,653",,15,,"303,976","2,583","1,028,312","16,602,012","61,939 ",North America,,33870,,,242,
181,Nicaragua,"18,491",,225                                ,,"4,225",,"14,041",,"2,728",33,,,"6,779,100 ",North America,,"36730,129",,,"2,071",
182,South Sudan,"18,368",,138                                ,,"18,115",,115,1,"1,581",12,"410,280","35,313","11,618,511 ",Africa,,"63384,19228",,,10,
183,Tajikistan,"17,786",,125                                ,,"17,264",,397,,"1,786",13,,,"9,957,464 ",Asia,,"56079,660",,,40,
184,Equatorial Guinea,"17,229",,183                                ,,"16,907",,139,5,"11,512",122,"365,697","244,342","1,496,662 ",Africa,,"878,1784",,,93,
185,Tonga,"16,810",,13                                ,,"15,638",,"1,159",,"156,011",121,"535,009","4,965,327","107,749 ",Australia/Oceania,,"68,2880",,,"10,756",
186,Samoa,"16,607",,29                                ,,"1,605",,"14,973",,"82,116",143,"187,397","926,612","202,239 ",Australia/Oceania,,"126,9741",,,"74,036",
187,Monaco,"16,119",,67                                ,,"15,992",,60,4,"405,173","1,684","78,646","1,976,875","39,783 ",Europe,,25941,,,"1,508",
188,Dominica,"15,760",,74                                ,,"15,673",,13,,"217,848","1,023","229,344","3,170,187","72,344 ",North America,,59780,,,180,
189,Djibouti,"15,690",,189                                ,,"15,427",,74,,"15,441",186,"305,941","301,094","1,016,097 ",Africa,,"655,3763",,,73,
190,Marshall Islands,"15,649",,17                                ,,"15,528",,104,,"260,569",283,,,"60,057 ",Australia/Oceania,,"43,533",,,"1,732",
191,CAR,"15,368",,113                                ,,"15,200",,55,2,"3,063",23,"81,294","16,205","5,016,678 ",Africa,,"32644,39562",,,11,
192,Gambia,"12,598",,372                                ,,"12,189",,37,,"4,924",145,"155,686","60,851","2,558,482 ",Africa,,"2036,87816",,,14,
193,Saint Martin,"12,271",,63                                ,,"1,399",,"10,809",7,"308,860","1,586","112,382","2,828,643","39,730 ",North America,,36310,,,"272,061",
194,Vanuatu,"12,014",,14                                ,,"11,976",,24,,"37,330",44,"24,976","77,606","321,832 ",Australia/Oceania,,"2722,98813",,,75,
195,Greenland,"11,971",,21                                ,,"2,761",,"9,189",4,"210,117",369,"164,926","2,894,810","56,973 ",North America,,"52,7130",,,"161,287",
196,Yemen,"11,945",,"2,159                                ",,"9,124",,662,23,383,69,"329,592","10,579","31,154,867 ",Asia,,"2,60814,43095",,,21,
197,Caribbean Netherlands,"11,679",,38                                ,,"10,476",,"1,165",,"438,286","1,426","30,126","1,130,559","26,647 ",North America,,27011,,,"43,720",
198,Sint Maarten,"11,020",,91                                ,,"10,905",,24,N/A,"250,648","2,070","62,056","1,411,454","43,966 ",North America,,44831,,,546,
199,Eritrea,"10,189",,103                                ,,"10,086",,0,,"2,782",28,"23,693","6,470","3,662,244 ",Africa,,"35935,556155",,,,
200,Niger,"9,931",,312                                ,,"8,890",,729,1,381,12,"254,538","9,759","26,083,660 ",Africa,,"2,62683,601102",,,28,
201,St. Vincent Grenadines,"9,589",,123                                ,,"9,466",,0,,"85,961","1,103","113,703","1,019,292","111,551 ",North America,,129071,,,,
202,Antigua and Barbuda,"9,106",,146                                ,,"8,954",,6,1,"91,509","1,467","18,901","189,943","99,509 ",North America,,116825,,,60,
203,Comoros,"9,008",,161                                ,,"8,838",,9,,"9,927",177,,,"907,419 ",Africa,,"1015,636",,,10,
204,Guinea-Bissau,"8,960",,176                                ,,"8,660",,124,6,"4,342",85,"145,231","70,385","2,063,367 ",Africa,,"23011,72414",,,60,
205,Liberia,"8,090",,295                                ,,"7,783",,12,2,"1,525",56,"139,824","26,356","5,305,117 ",Africa,,"65617,98338",,,2,
206,Sierra Leone,"7,760",,126                                ,,N/A,N/A,N/A,,934,15,"259,958","31,296","8,306,436 ",Africa,,"1,07065,92432",,,330,
207,Chad,"7,679",,194                                ,,"4,874",,"2,611",,441,11,"191,341","10,988","17,413,580 ",Africa,,"2,26889,76191",,,150,
208,British Virgin Islands,"7,305",,64                                ,,N/A,N/A,N/A,,"238,757","2,092","107,339","3,508,269","30,596 ",North America,,44780,,,392,
209,Cook Islands,"7,031",,2                                ,,"7,027",,2,,"400,148",114,"19,690","1,120,596","17,571 ",Australia/Oceania,,"28,7861",,,114,
210,Saint Kitts and Nevis,"6,597",,47                                ,,"6,548",,2,,"122,459",872,"126,932","2,356,221","53,871 ",North America,,"81,1460",,,37,
211,Turks and Caicos,"6,561",,38                                ,,"6,504",,19,4,"165,094",956,"612,335","15,408,143","39,741 ",North America,,"61,0460",,,478,
212,Sao Tome and Principe,"6,281",,77                                ,,"6,204",,0,,"27,587",338,"29,036","127,530","227,679 ",Africa,,"362,9578",,,,
213,Palau,"5,994",,9                                ,,"5,991",,-6,,"328,745",494,"69,272","3,799,265","18,233 ",Australia/Oceania,,"32,0260",,,-329.07,
214,St. Barth,"5,441",,6                                ,,N/A,N/A,N/A,,"547,109",603,"78,646","7,908,095","9,945 ",North America,,"21,6580",,,"500,050",
215,Nauru,"5,393",,1                                ,,"5,347",,45,,"494,635",92,"20,509","1,881,042","10,903 ",Australia/Oceania,,"210,9031",,,"4,127",
216,Kiribati,"5,014",,18                                ,,"2,703",,"2,293",3,"40,626",146,,,"123,419 ",Australia/Oceania,,"256,857",,,"18,579",
217,Anguilla,"3,904",,12                                ,,"3,879",,13,4,"256,336",788,"51,382","3,373,736","15,230 ",North America,,"41,2690",,,854,
218,Macao,"3,514",,121                                ,,"3,392",,1,,"5,264",181,"7,850","11,760","667,490 ",Asia,,"1905,51685",,,1,
219,Saint Pierre Miquelon,"3,452",,2                                ,,"2,449",,"1,001",1,"599,410",347,"25,400","4,410,488","5,759 ",North America,,"22,8800",,,"173,815",
220,Wallis and Futuna,"3,427",,7                                ,,438,,"2,982",,"312,056",637,"20,508","1,867,419","10,982 ",Australia/Oceania,,"31,5691",,,"271,535",
221,Tuvalu,"2,805",, ,,,,"2,805",,"232,471",,,,"12,066 ",Australia/Oceania,,4,,,"232,471",
222,Saint Helena,"2,166",, ,,2,,"2,164",,"354,211",,,,"6,115 ",Africa,,3,,,"353,884",
223,Falkland Islands,"1,930",, ,,"1,930",,0,,"545,352",,"8,632","2,439,107","3,539 ",South America,,20,,,,
224,Montserrat,"1,403",,8                                ,,"1,376",,19,,"282,578","1,611","17,762","3,577,442","4,965 ",North America,,46210,,,"3,827",
225,Niue,792,, ,,790,,2,,"488,286",,,,"1,622 ",Australia/Oceania,,2,,,"1,233",
226,Diamond Princess,712,,13                                ,,699,,0,,,,,, ,,,,,,,
227,Vatican City,29,, ,,29,,0,,"36,295",,,,799 ,Europe,,28,,,,
228,Western Sahara,10,,1                                ,,9,,0,,16,2,,,"626,161 ",Africa,,"62,616626,161",,,,
229,MS Zaandam,9,,2                                ,,7,,0,,,,,, ,,,,,,,
230,Tokelau,5,, ,,,,5,,"3,628",,,,"1,378 ",Australia/Oceania,,276,,,"3,628",
231,China,"503,302",,"5,272                                ",,"379,053",,"118,977",N/A,347,4,"160,000,000","110,461","1,448,471,400                                ",Asia,,"2,878274,7489",,,82,
